Model,Accuracy,AUC,Precision,Recall,F1,MCC
logistic_regression,0.6721311475409836,0.7695180722891566,0.717391304347826,0.66,0.6875,0.3452527397300785
decision_tree,0.6775956284153005,0.6763253012048193,0.711340206185567,0.69,0.700507614213198,0.35176172592546556
knn,0.6721311475409836,0.7110240963855421,0.6754385964912281,0.77,0.719626168224299,0.33304098361314544
naive_bayes,0.6612021857923497,0.7374698795180723,0.6862745098039216,0.7,0.693069306930693,0.31518015577278985
random_forest,0.726775956284153,0.792710843373494,0.7717391304347826,0.71,0.7395833333333334,0.45501863856712566
xgboost,0.7377049180327869,0.7885542168674698,0.782608695652174,0.72,0.75,0.47697181833453506
